INSERT INTO users (user_id, name, phone, password, sign_date, email)
VALUES
('u001', 'Alice', '010-1234-5678', 'pass1234', '2022-01-01', 'alice@gmail.com'),
('u002', 'Bob', '010-2345-6789', 'pass5678', '2022-01-02', 'bob@gmail.com'),
('u003', 'Charlie', '010-3456-7890', 'pass9101', '2022-01-03', 'charlie@gmail.com'),
('u004', 'David', '010-4567-8901', 'pass1121', '2022-01-04', 'david@gmail.com'),
('u005', 'Emily', '010-5678-9012', 'pass3141', '2022-01-05', 'emily@gmail.com'),
('u006', 'Frank', '010-6789-0123', 'pass5161', '2022-01-06', 'frank@gmail.com'),
('u007', 'Grace', '010-7890-1234', 'pass7181', '2022-01-07', 'grace@gmail.com'),
('u008', 'Henry', '010-8901-2345', 'pass9202', '2022-01-08', 'henry@gmail.com'),
('u009', 'Ivy', '010-9012-3456', 'pass1222', '2022-01-09', 'ivy@gmail.com'),
('u010', 'Jack', '010-0123-4567', 'pass3242', '2022-01-10', 'jack@gmail.com');


INSERT INTO car (car_code, car_name, hour_price, seat)
VALUES
(10001, '아반떼 AD', 4000, 5),
(10002, '벤츠 S클래스', 20000, 4),
(10003, '제네시스 G80', 10000, 4),
(10004, '쏘렌토', 8000, 5),
(10005, '포르쉐 911', 25000, 2),
(10006, '그랜저 HG', 6000, 5),
(10007, 'BMW X5', 15000, 5),
(10008, '쏘나타', 5000, 5),
(10009, '말리부', 7000, 5),
(10010, '카니발', 10000, 8),
(10011, '벤츠 E클래스', 18000, 4),
(10012, '그랜드 스타렉스', 12000, 12),
(10013, '람보르기니 우루스', 30000, 4),
(10014, '소나타 하이브리드', 6000, 5),
(10015, '스팅어 GT', 12000, 2),
(10016, '캠리 하이브리드', 8000, 5),
(10017, '그랜저 IG', 7000, 5),
(10018, '아우디 A8', 20000, 4),
(10019, '팰리세이드', 9000, 7),
(10020, '테슬라 모델 S', 35000, 5);

INSERT INTO board (`code`, title, main, modified_date, register_date, writer)
VALUES
(1, '첫 번째 게시글', '안녕하세요. 첫 번째 게시글입니다.', '2023-04-04', '2023-04-04', 'u001'),
(2, '두 번째 게시글', '안녕하세요. 두 번째 게시글입니다.', '2023-04-04', '2023-04-04', 'u002'),
(3, '세 번째 게시글', '안녕하세요. 세 번째 게시글입니다.', '2023-04-04', '2023-04-04', 'u003'),
(4, '네 번째 게시글', '안녕하세요. 네 번째 게시글입니다.', '2023-04-04', '2023-04-04', 'u004'),
(5, '다섯 번째 게시글', '안녕하세요. 다섯 번째 게시글입니다.', '2023-04-04', '2023-04-04', 'u005');

INSERT INTO venue (venue_code, venue_name)
VALUES
(10001, '예술의 전당'),
(10002, '세종문화회관'),
(10003, '롯데콘서트홀'),
(10004, '잠실실내체육관'),
(10005, '올림픽체조경기장'),
(10006, '한국산업은행체육관'),
(10007, '고려대학교 학생회관 대강당'),
(10008, '삼성동 코엑스'),
(10009, '잠실야구장'),
(10010, '대학로 극장');


INSERT INTO book (rent_car, rent_user, rent_day, rent_time, booking_day, rent_venue, total_price)
VALUES
(10001, 'u001', 1, 10, '2023-04-05', 10001, 50000),
(10002, 'u002', 2, 13, '2023-04-06', 10002, 100000),
(10003, 'u001', 3, 15, '2023-04-07', 10003, 70000),
(10004, 'u001', 4, 9, '2023-04-08', 10004, 60000),
(10005, 'u002', 5, 11, '2023-04-09', 10005, 80000),
(10006, 'u003', 6, 14, '2023-04-10', 10006, 90000),
(10007, 'u001', 7, 16, '2023-04-11', 10007, 120000),
(10008, 'u002', 8, 12, '2023-04-12', 10008, 30000),
(10009, 'u003', 9, 10, '2023-04-13', 10009, 100000),
(10010, 'u001', 10, 15, '2023-04-14', 10010, 40000);



